Statement,Header,Field Name,Field Value
Statement,Data,BrokerName,Interactive Brokers Ireland Limited
Statement,Data,BrokerAddress,
Statement,Data,Title,Activity Statement
Statement,Data,Period,"December 12, 2024 - December 11, 2025"
Statement,Data,WhenGenerated,"2026-01-09, 11:24:38 EST"
Account Information,Header,Field Name,Field Value
Account Information,Data,Name,Elena Marlowe
Account Information,Data,Account,U84731481
Account Information,Data,Account Type,Individual
Account Information,Data,Customer Type,Individual
Account Information,Data,Account Capabilities,Margin
Account Information,Data,Base Currency,EUR
Net Asset Value,Header,Asset Class,Prior Total,Current Long,Current Short,Current Total,Change
Net Asset Value,Data,Cash ,4429.495094277,3236.997075178,0,3236.997075178,3069.160665243
Net Asset Value,Data,Stock,30219.2281063,253810.0460111,0,253810.0460111,89569.3727007
Net Asset Value,Data,Total,134874.112085717,150366.703127189,0,150366.703127189,53646.019340469
Net Asset Value,Header,Time Weighted Rate of Return
Net Asset Value,Data,24.192034382%
Change in NAV,Header,Field Name,Field Value
Change in NAV,Data,Starting Value,134874.112085717
Change in NAV,Data,Mark-to-Market,22309.48547062
Change in NAV,Data,Deposits & Withdrawals,68380
Change in NAV,Data,Dividends,2145.59993
Change in NAV,Data,Withholding Tax,-90.579729
Change in NAV,Data,Change in Dividend Accruals,2.7002159
Change in NAV,Data,Interest,2.166336
Change in NAV,Data,Change in Interest Accruals,0.0006329
Change in NAV,Data,Other Fees,-7.071886
Change in NAV,Data,Commissions,-74.69128121
Change in NAV,Data,Other FX Translations,-2.2245154
Change in NAV,Data,Ending Value,150366.703127189
Mark-to-Market Performance Summary,Header,Asset Category,Symbol,Prior Quantity,Current Quantity,Prior Price,Current Price,Mark-to-Market P/L Position,Mark-to-Market P/L Transaction,Mark-to-Market P/L Commissions,Mark-to-Market P/L Other,Mark-to-Market P/L Total,Code
Mark-to-Market Performance Summary,Data,Stocks,MOCK01,11043,11043,8.0030,7.2166,2007.9386,0,0,0,2007.9386,
Mark-to-Market Performance Summary,Data,Stocks,MOCK02,144,144,46.6965,24.2246,2574,0,0,281.3,2252.1,
Mark-to-Market Performance Summary,Data,Stocks,MOCK03,37,0,212.6877,--,17311.0009877,-189.76313954,-0.78272409,373.93089,17704.5290483,
Mark-to-Market Performance Summary,Data,Stocks,MOCK04,44,44,218.9712,162.0639,576.974537,0,0,5.1868117,572.6262923,
Mark-to-Market Performance Summary,Data,Stocks,MOCK05,472,4398,24.4428,18.7216,2564.5,-84.36,-57.336286,0,5863.345155,
Mark-to-Market Performance Summary,Data,Stocks,MOCK06,555,555,21.5665,17.7218,-882.4780625,-3.428408,-5.49689838,0,-511.68349239,
Mark-to-Market Performance Summary,Data,Stocks,MOCK07,126,101,18.3639,38.2467,-480.0125882,-14.4884799,-0.64273551,0,-1113.43053415,
Mark-to-Market Performance Summary,Data,Stocks,MOCK08,1010,0,9.6558,--,73.047,-1.619,-16.5380,0,28.0199,
Mark-to-Market Performance Summary,Data,Stocks,MOCK09,80,0,9.7551,--,908.5,12.7,-1.8442,135.0,2311.2054,
Mark-to-Market Performance Summary,Data,Stocks,MOCK10,105,304,66.8278,24.0631,2575.6050,40.9959,-7.3537163,71.695865,1906.7117717,
Mark-to-Market Performance Summary,Data,Total,,,,,,11771.8118168,-262.02913615,-99.82324085,1515.0913944,42918.02362184,
Mark-to-Market Performance Summary,Data,Forex,CHF,37.951938471,275.447595438,1.9322,1.6247,199.03140073,-1.576160,-3.19372,0,55.70681871,
Mark-to-Market Performance Summary,Data,Forex,EUR,462.683201552,4849.803599040,2.0566,2.0566,0,0,0,0,0,
Mark-to-Market Performance Summary,Data,Forex,HKD,437.7394,437.7394,0.04876,0.05327,-242.49916651,0,0,0,-242.49916651,
Mark-to-Market Performance Summary,Data,Forex,PLN,3888.900857413,582.462174503,0.52511,0.31927,55.20579176,-0.42628,-3.19372,0,44.97730254,
Mark-to-Market Performance Summary,Data,Forex,USD,3.223623950,206.733044568,0.65003,0.53432,-2902.98884507,0.056118,-2.75500,0,-1701.63661228,
Mark-to-Market Performance Summary,Data,Total,,,,,,-1551.05599360,-5.87119,-19.7897,0,-1798.22400034,
Mark-to-Market Performance Summary,Data,Total (All Assets),,,,,,32933.55600181,-71.72820447,-74.69128121,1515.0913944,16844.25903377,
Mark-to-Market Performance Summary,Data,Broker Interest Paid and Received,,,,,,,,,,2.166336,
Mark-to-Market Performance Summary,Data,Withholding on Interest Received,,,,,,,,,,-1.6810700,
Mark-to-Market Performance Summary,Data,Other Fees,,,,,,,,,,-7.071886,
Total P/L for Statement Period,,,,,,,,,,,,10769.94627951,
Realized & Unrealized Performance Summary,Header,Asset Category,Symbol,Cost Adj.,Realized S/T Profit,Realized S/T Loss,Realized L/T Profit,Realized L/T Loss,Realized Total,Unrealized S/T Profit,Unrealized S/T Loss,Unrealized L/T Profit,Unrealized L/T Loss,Unrealized Total,Total,Code
Realized & Unrealized Performance Summary,Data,Stocks,MOCK01,0,0,0,0,0,0,0,0,3008.357207058,0,3008.357207058,3008.357207058,
Realized & Unrealized Performance Summary,Data,Stocks,MOCK02,0,0,0,0,0,0,0,0,2595.220974,0,2595.220974,2595.220974,
Realized & Unrealized Performance Summary,Data,Stocks,MOCK03,0,0,0,8626.82496818,0,8626.82496818,0,0,0,0,0,8626.82496818,
Realized & Unrealized Performance Summary,Data,Stocks,MOCK04,0,0,0,0,0,0,0,0,1295.313345016,0,1295.313345016,1295.313345016,
Realized & Unrealized Performance Summary,Data,Stocks,MOCK05,0,0,0,0,0,0,3091.223447,-1337.0207,11703.11649,0,16351.048855,16351.048855,
Realized & Unrealized Performance Summary,Data,Stocks,MOCK06,0,0,0,0,-281.66449660,-281.66449660,0,-14.851030072,0,0,-14.851030072,-1031.268097146,
Realized & Unrealized Performance Summary,Data,Stocks,MOCK07,0,54.03815783,-469.98468120,0,0,-483.13393422,0,-125.060571890,0,0,-125.060571890,-679.222940654,
Realized & Unrealized Performance Summary,Data,Stocks,MOCK08,0,21.879041,0,379.413723,0,201.601537,0,0,0,0,0,201.601537,
Realized & Unrealized Performance Summary,Data,Stocks,MOCK09,0,2416.0514,0,0,0,2416.0514,0,0,0,0,0,2416.0514,
Realized & Unrealized Performance Summary,Data,Stocks,MOCK10,0,0,0,0,0,0,2596.244784384,0,2039.8864,0,1172.128629071,1172.128629071,
Realized & Unrealized Performance Summary,Data,Total,,0,3152.13084539,-469.98468120,5669.53589045,-281.66449660,12168.40621114,2290.714284817,-975.613023038,14096.876419753,0,15777.895947291,39156.363764814,
Realized & Unrealized Performance Summary,Data,Forex,CHF,0,0.26730,-10.695448,0,0,-6.946296,12.536992,0,0,0,12.536992,2.005058,
Realized & Unrealized Performance Summary,Data,Forex,HKD,0,0,0,0,0,0,0,-0.49757,0,0,-0.49757,-0.49757,
Realized & Unrealized Performance Summary,Data,Forex,PLN,0,3.799296,0,0,0,3.799296,0.943061959,0,0,0,0.943061959,1.940629899,
Realized & Unrealized Performance Summary,Data,Forex,USD,0,14.340601,-19.097822,0,0,-0.428156,0.336563405,0,0,0,0.336563405,-1.649694296,
Realized & Unrealized Performance Summary,Data,Total,,0,14.48384,-11.415659,0,0,-1.421725,20.734486281,-0.49757,0,0,10.730961639,7.209994929,
Realized & Unrealized Performance Summary,Data,Total (All Assets),,0,3163.61705259,-499.83067460,5669.53589045,-281.66449660,14300.67401974,1556.998314962,-2626.577714674,14096.876419753,0,24256.923751428,15199.217530095,
Cash Report,Header,Currency Summary,Currency,Total,Securities,Futures,
Cash Report,Data,Starting Cash,Base Currency Summary,4429.495094277,4429.495094277,0,
Cash Report,Data,Commissions,Base Currency Summary,-74.69128121,-74.69128121,0,
Cash Report,Data,Deposits,Base Currency Summary,68380,68380,0,
Cash Report,Data,Dividends,Base Currency Summary,2145.59993,2145.59993,0,
Cash Report,Data,Broker Interest Paid and Received,Base Currency Summary,2.166336,2.166336,0,
Cash Report,Data,Trades (Sales),Base Currency Summary,52894.79690307,52894.79690307,0,
Cash Report,Data,Trades (Purchase),Base Currency Summary,-148537.46791475,-148537.46791475,0,
Cash Report,Data,Other Fees,Base Currency Summary,-7.071886,-7.071886,0,
Cash Report,Data,Withholding Tax,Base Currency Summary,-90.579729,-90.579729,0,
Cash Report,Data,Cash FX Translation Gain/Loss,Base Currency Summary,24.04992378,24.04992378,0,
Cash Report,Data,Ending Cash,Base Currency Summary,3236.997075178,3236.997075178,0,
Cash Report,Data,Ending Settled Cash,Base Currency Summary,3236.997075178,3236.997075178,0,
Cash Report,Data,Starting Collateral Value,Base Currency Summary,0,0,0,
Cash Report,Data,Net Securities Lent Activity,Base Currency Summary,58.68329,58.68329,0,
Cash Report,Data,Ending Collateral Value,Base Currency Summary,0,0,0,
Cash Report,Data,Net Cash Balance,Base Currency Summary,0,0,0,
Cash Report,Data,Net Settled Cash Balance,Base Currency Summary,0,0,0,
Cash Report,Data,Starting Cash,CHF,37.951938471,37.951938471,0,
Cash Report,Data,Commissions,CHF,-3.18070933,-3.18070933,0,
Cash Report,Data,Dividends,CHF,166.4,166.4,0,
Cash Report,Data,Trades (Sales),CHF,6479.30,6479.30,0,
Cash Report,Data,Trades (Purchase),CHF,-3525.0,-3525.0,0,
Cash Report,Data,Withholding Tax,CHF,-91.24,-91.24,0,
Cash Report,Data,Ending Cash,CHF,275.447595438,275.447595438,0,
Cash Report,Data,Ending Settled Cash,CHF,275.447595438,275.447595438,0,
Cash Report,Data,Starting Cash,EUR,462.683201552,462.683201552,0,
Cash Report,Data,Commissions,EUR,-22.912618,-22.912618,0,
Cash Report,Data,Deposits,EUR,68380,68380,0,
Cash Report,Data,Dividends,EUR,960.1,960.1,0,
Cash Report,Data,Broker Interest Paid and Received,EUR,7.04,7.04,0,
Cash Report,Data,Trades (Sales),EUR,62800.742,62800.742,0,
Cash Report,Data,Trades (Purchase),EUR,-123045.39,-123045.39,0,
Cash Report,Data,Withholding Tax,EUR,-301.13,-301.13,0,
Cash Report,Data,Ending Cash,EUR,4849.803599040,4849.803599040,0,
Cash Report,Data,Ending Settled Cash,EUR,4849.803599040,4849.803599040,0,
Cash Report,Data,Starting Collateral Value,EUR,0,0,0,
Cash Report,Data,Net Securities Lent Activity,EUR,0,0,0,
Cash Report,Data,Ending Collateral Value,EUR,0,0,0,
Cash Report,Data,Net Cash Balance,EUR,0,0,0,
Cash Report,Data,Net Settled Cash Balance,EUR,0,0,0,
Cash Report,Data,Starting Cash,HKD,437.7394,437.7394,0,
Cash Report,Data,Ending Cash,HKD,437.7394,437.7394,0,
Cash Report,Data,Ending Settled Cash,HKD,437.7394,437.7394,0,
Cash Report,Data,Starting Cash,PLN,3888.900857413,3888.900857413,0,
Cash Report,Data,Dividends,PLN,44,44,0,
Cash Report,Data,Trades (Purchase),PLN,-1922.4113,-1922.4113,0,
Cash Report,Data,Withholding Tax,PLN,-7.61,-7.61,0,
Cash Report,Data,Ending Cash,PLN,582.462174503,582.462174503,0,
Cash Report,Data,Ending Settled Cash,PLN,582.462174503,582.462174503,0,
Cash Report,Data,Starting Cash,USD,3.223623950,3.223623950,0,
Cash Report,Data,Commissions,USD,-4.33342983,-4.33342983,0,
Cash Report,Data,Dividends,USD,212,212,0,
Cash Report,Data,Broker Interest Paid and Received,USD,4.24,4.24,0,
Cash Report,Data,Trades (Sales),USD,22450.928,22450.928,0,
Cash Report,Data,Trades (Purchase),USD,-57382.964478,-57382.964478,0,
Cash Report,Data,Other Fees,USD,-6.92,-6.92,0,
Cash Report,Data,Withholding Tax,USD,-0.32,-0.32,0,
Cash Report,Data,Ending Cash,USD,206.733044568,206.733044568,0,
Cash Report,Data,Ending Settled Cash,USD,206.733044568,206.733044568,0,
Open Positions,Header,DataDiscriminator,Asset Category,Currency,Symbol,Quantity,Mult,Cost Price,Cost Basis,Close Price,Value,Unrealized P/L,Code
Open Positions,Data,Summary,Stocks,CHF,MOCK10,304,1,32.513926116,7337.635473,24.0631,12753.8,744.245886,
Open Positions,Total,,Stocks,CHF,,,,,7337.635473,,12753.8,744.245886,
Open Positions,Total,,Stocks,EUR,,,,,14152.152816576,,17810.5775,1172.128629071,
Open Positions,Data,Summary,Stocks,EUR,MOCK02,144,1,46.177031540,9170.645778,24.2246,12961,2595.220974,
Open Positions,Data,Summary,Stocks,EUR,MOCK05,4398,1,50.944537027,51507.362458,18.7216,143454,16351.048855,
Open Positions,Total,,Stocks,EUR,,,,,94041.591454,,89254,7604.733886,
Open Positions,Data,Summary,Stocks,HKD,MOCK01,11043,1,3.776148363,7526.9083,7.2166,53482,21813.0806,
Open Positions,Total,,Stocks,HKD,,,,,7526.9083,,53482,21813.0806,
Open Positions,Total,,Stocks,EUR,,,,,1655.365974654,,4873.0397,3008.357207058,
Open Positions,Data,Summary,Stocks,PLN,MOCK04,44,1,79.098273575,3025.812888,162.0639,5452,6645.941286,
Open Positions,Total,,Stocks,PLN,,,,,3025.812888,,5452,6645.941286,
Open Positions,Total,,Stocks,EUR,,,,,521.177220574,,1908.32569,1295.313345016,
Open Positions,Data,Summary,Stocks,USD,MOCK06,555,1,13.066182907,7352.728727,17.7218,9034.5,-29.271718,
Open Positions,Data,Summary,Stocks,USD,MOCK07,101,1,76.095867250,7432.668217,38.2467,5385.69,-97.593695,
Open Positions,Total,,Stocks,USD,,,,,4690.363044,,14500.01,-164.866488,
Open Positions,Total,,Stocks,EUR,,,,,10195.550447761,,7364.0324868,-232.599004681,
Open Positions,Total,,Stocks,EUR,,,,,54287.210868333,,253810.0460111,15777.895947291,
Forex Balances,Header,Asset Category,Currency,Description,Quantity,Cost Price,Cost Basis in EUR,Close Price,Value in EUR,Unrealized P/L in EUR,Code
Forex Balances,Data,Forex,EUR,CHF,196.429886,1.730284949,-1045.952330,1.6247,316.837783,12.536992,
Forex Balances,Data,Forex,EUR,EUR,4849.803599040,0,-4849.803599040,2.0566,4849.803599040,0,
Forex Balances,Data,Forex,EUR,HKD,437.7394,0.304590236,-40.066726,0.05327,25.668054,-0.49757,
Forex Balances,Data,Forex,EUR,PLN,296.262039,0.285179771,-94.717925876,0.31927,145.549212,0.943061959,
Forex Balances,Data,Forex,EUR,USD,157.905596,1.33058,-117.309382528,0.53432,92.025948,0.336563405,
Forex Balances,Data,Total,,,,,-2303.064835761,,5467.945885257,10.730961639,
Net Stock Position Summary,Header,Asset Category,Currency,Symbol,Description,Shares at IB,Shares Borrowed,Shares Lent,Net Shares
Net Stock Position Summary,Data,Stocks,CHF,MOCK10,Synthetic Issuer 10,304,0,0,304
Net Stock Position Summary,Data,Stocks,EUR,MOCK02,Synthetic Issuer 02,144,0,0,144
Net Stock Position Summary,Data,Stocks,EUR,MOCK05,Synthetic Issuer 05,4398,0,0,4398
Net Stock Position Summary,Data,Stocks,HKD,MOCK01,Synthetic Issuer 01,11043,0,0,11043
Net Stock Position Summary,Data,Stocks,PLN,MOCK04,Synthetic Issuer 04,44,0,0,44
Net Stock Position Summary,Data,Stocks,USD,MOCK06,Synthetic Issuer 06,555,0,0,555
Net Stock Position Summary,Data,Stocks,USD,MOCK07,Synthetic Issuer 07,101,0,0,101
Trades,Header,DataDiscriminator,Asset Category,Currency,Symbol,Date/Time,Quantity,T. Price,C. Price,Proceeds,Comm/Fee,Basis,Realized P/L,MTM P/L,Code
Trades,Data,Order,Stocks,CHF,MOCK10,"2025-01-07, 19:03:59",148,57.947795553,45.1,-3525.0,-6.407140876,3781.672042564,0,90,O;P
Trades,SubTotal,,Stocks,CHF,MOCK10,,148,,,-3525.0,-6.407140876,3781.672042564,0,90,
Trades,Total,,Stocks,CHF,,,,,,-3525.0,-6.407140876,3781.672042564,0,90, 
Trades,Total,,Stocks,EUR,,,,,,-1837.06996,-2.943268366,3355.266333936,0,40.9959, 
Trades,Data,Order,Stocks,EUR,MOCK05,"2024-12-31, 18:24:54",146,22.85,61.97,-1995.36,-1.47,738.87,0,-118.12,IA;O
Trades,Data,Order,Stocks,EUR,MOCK05,"2025-01-07, 04:10:05",158,66.93,60.7,-2976.84,-1.47,3765.71,0,-15.24,IA;O
Trades,Data,Order,Stocks,EUR,MOCK05,"2025-02-13, 00:48:31",108,22.87,61.61,-4613.56,-1.47,5683.13,0,-35.65,O
Trades,Data,Order,Stocks,EUR,MOCK05,"2025-02-18, 07:19:26",158,17.28,40.34,-2148.07,-1.01102,1543.57016,0,39.43,O
Trades,Data,Order,Stocks,EUR,MOCK05,"2025-04-04, 09:22:08",236,48.712583250,48.29,-4479.60,-2.490469,8526.474010,0,-439.6,O;P
Trades,Data,Order,Stocks,EUR,MOCK05,"2025-05-13, 18:59:19",554,21.3,45.68,-7024,-4.69,14074.74,0,15,O
Trades,Data,Order,Stocks,EUR,MOCK05,"2025-05-29, 03:05:43",357,17.82,77.81,-11812.41,-0.95429,5378.09951,0,-32.50,IA;O
Trades,Data,Order,Stocks,EUR,MOCK05,"2025-06-07, 07:04:17",554,12.48,9.93,-13151,-4.634,8148.762,0,57,IA;O
Trades,Data,Order,Stocks,EUR,MOCK05,"2025-07-31, 00:36:16",95,60.55,41.11,-1045.1,-1.47,725.45,0,2.1,IA;O
Trades,Data,Order,Stocks,EUR,MOCK05,"2025-09-18, 20:08:19",347,11.87,42.93,-3368.7,-2.3035,6513.9346,0,-21.8,O;P
Trades,Data,Order,Stocks,EUR,MOCK05,"2025-10-10, 10:20:30",347,14.21,42.08,-10042.2,-3.6415,10718.5216,0,5.3,O;P
Trades,Data,Order,Stocks,EUR,MOCK05,"2025-10-23, 02:42:49",57,51.50,14.21,-3564,-1.47,2123.91,0,4,IM;O;P
Trades,Data,Order,Stocks,EUR,MOCK05,"2025-11-12, 15:16:25",57,53.13,65.04,-1821,-1.47,5616.58,0,-3,IA;O
Trades,Data,Order,Stocks,EUR,MOCK05,"2025-12-02, 14:24:49",57,32.0,55.8,-879,-1.47,2595.41,0,5,O
Trades,SubTotal,,Stocks,EUR,MOCK05,,4496,,,-74061.88,-57.336286,63922.802017,0,-84.36,
Trades,Data,Order,Stocks,EUR,MOCK08,"2024-12-13, 08:13:44",160,21.53,50.091,-1026.6,-1.47,2062.22,0,-0.12,IA;O
Trades,Data,Order,Stocks,EUR,MOCK08,"2024-12-31, 18:04:55",-57,52.50,6.596,3661,-1.47,-712.7306,160.1971,-0.3,C;IA
Trades,Data,Order,Stocks,EUR,MOCK08,"2025-01-07, 11:51:02",-643,6.596,26.681,6342,-1.7619,-4274.494705,176.819620,-0.36,C
Trades,Data,Order,Stocks,EUR,MOCK08,"2025-02-13, 06:10:33",-290,9.697,7.712,2508.223,-1.47,-6027.976869,10.607545,-1.155,C;IA
Trades,SubTotal,,Stocks,EUR,MOCK08,,-1010,,,20419.667,-16.5380,-22980.047587,201.601537,-1.619,
Trades,Data,Order,Stocks,EUR,MOCK09,"2025-11-12, 07:39:55",-80,61.98,81.62,3463.4,-1.8442,-3830.1505,2416.0514,12.7,C
Trades,SubTotal,,Stocks,EUR,MOCK09,,-80,,,3463.4,-1.8442,-3830.1505,2416.0514,12.7,
Trades,Total,,Stocks,EUR,,,,,,-13035.341,-16.513024,38899.51913,1466.468217,-87.385, 
Trades,Data,Order,Stocks,USD,MOCK03,"2025-09-05, 22:49:46",-37,479.949546755,58.51,7023.207,-1.045506614,-15456.368693,23897.714625,-259.024,C;IM;P
Trades,SubTotal,,Stocks,USD,MOCK03,,-37,,,7023.207,-1.045506614,-15456.368693,23897.714625,-259.024,
Trades,Data,Order,Stocks,USD,MOCK06,"2025-12-03, 12:01:32",-555,30.522,24.9,4407.06,-1.246730932,-6858.582276,-1404.779759,-24.08,C
Trades,Data,Order,Stocks,USD,MOCK06,"2025-12-03, 17:41:38",555,26.141,24.9,-7830.42,-1.963438886,9411.537684251,0,17.78,O
Trades,SubTotal,,Stocks,USD,MOCK06,,0,,,-18.0,-3.00989164,-1212.292664287,-1404.779759,-18.0,
Trades,Data,Order,Stocks,USD,MOCK07,"2025-04-08, 05:30:15",25,79.56,60.82,-1273.87,-0.18255290,3678.32170092,0,-3.09,O
Trades,Data,Order,Stocks,USD,MOCK07,"2025-11-12, 03:24:25",118,58.33,54.40,-1702.81,-0.30687484,2934.25319549,0,-9.59,O
Trades,Data,Order,Stocks,USD,MOCK07,"2025-12-03, 11:57:57",-101,62.7,45.68,2717,-0.218196282,-3002.929245,-585.808174,53.5,C
Trades,Data,Order,Stocks,USD,MOCK07,"2025-12-03, 02:04:21",101,76.024383889,45.68,-10514.98,-0.421307470,1748.042717723,0,-130.53,O;P
Trades,SubTotal,,Stocks,USD,MOCK07,,179,,,-3912.76,-4.286939133,5065.512901296,-585.808174,-74.11,
Trades,Total,,Stocks,USD,,,,,,26176.947,-6.988348983,-12230.705989797,15174.584456,-230.409, 
Trades,Total,,Stocks,EUR,,,,,,11520.95638980,-9.221702684,-4804.969736436,6326.869538679,-303.92727287, 
Trades,Header,DataDiscriminator,Asset Category,Currency,Symbol,Date/Time,Quantity,T. Price,,Proceeds,Comm in EUR,,,MTM in EUR,Code
Trades,Data,Order,Forex,CHF,EUR.CHF,"2025-01-07, 00:22:50","-7,744",0.9377,,6344.85,-3.19372,,,-1.576160,
Trades,SubTotal,,Forex,CHF,EUR.CHF,,-7744,,,6344.85,-3.19372,,,-1.576160,
Trades,Total,,Forex,CHF,,,,,,6344.85,-3.19372,,,-1.576160, 
Trades,Total,,Forex,EUR,,,,,,5991.907172,-3.19372,,,-1.576160, 
Trades,Data,Order,Forex,PLN,CHF.PLN,"2025-01-07, 15:43:00",704,9.10927,,-1922.4113,-3.19372,,,-0.42628,
Trades,SubTotal,,Forex,PLN,CHF.PLN,,704,,,-1922.4113,-3.19372,,,-0.42628,
Trades,Total,,Forex,PLN,,,,,,-1922.4113,-3.19372,,,-0.42628, 
Trades,Total,,Forex,EUR,,,,,,-167.02755884,-3.19372,,,-0.42628, 
Trades,Data,Order,Forex,USD,EUR.USD,"2025-04-08, 23:08:53","-2,218",1.4906,,3838.05,-3.51477,,,-9.955622,
Trades,Data,Order,Forex,USD,EUR.USD,"2025-09-05, 22:16:47","17,669.28",1.1963,,-30174.655400,-3.30600,,,11.899418,
Trades,SubTotal,,Forex,USD,EUR.USD,,29982.48,,,-23616.516961,-2.75500,,,0.056118,
Trades,Total,,Forex,USD,,,,,,-23616.516961,-2.75500,,,0.056118, 
Trades,Total,,Forex,EUR,,,,,,-12919.292868275,-2.75500,,,0.056118, 
Deposits & Withdrawals,Header,Currency,Settle Date,Description,Amount
Deposits & Withdrawals,Data,EUR,2025-02-13,Electronic Fund Transfer,4351
Deposits & Withdrawals,Data,EUR,2025-03-20,Electronic Fund Transfer,6561
Deposits & Withdrawals,Data,EUR,2025-04-04,Electronic Fund Transfer,11043
Deposits & Withdrawals,Data,EUR,2025-04-08,Electronic Fund Transfer,2218
Deposits & Withdrawals,Data,EUR,2025-04-28,Electronic Fund Transfer,2866
Deposits & Withdrawals,Data,EUR,2025-05-12,Electronic Fund Transfer,13023
Deposits & Withdrawals,Data,EUR,2025-05-21,Electronic Fund Transfer,13023
Deposits & Withdrawals,Data,EUR,2025-05-29,Electronic Fund Transfer,11043
Deposits & Withdrawals,Data,Total,,,68380
Fees,Header,Subtitle,Currency,Date,Description,Amount
Fees,Data,Other Fees,USD,2025-04-23,MOCK03(US9000000037) ADR Fee USD 0.01 per Share,-1.07
Fees,Data,Other Fees,USD,2025-06-20,MOCK03(US9000000037) Cash Dividend USD 0.51 per Share - FEE,-1.07
Fees,Data,Total,,,,-6.92
Fees,Data,Total in EUR,,,,-7.071886
Dividends,Header,Currency,Date,Description,Amount
Dividends,Data,CHF,2025-02-05,MOCK10(US9000000102) Cash Dividend CHF 0.48 per Share (Ordinary Dividend),166.4
Dividends,Data,Total,,,166.4
Dividends,Data,Total in EUR,,,233.59254
Dividends,Data,EUR,2025-04-17,MOCK02(US9000000029) Cash Dividend EUR 1.17 per Share (Ordinary Dividend),65
Dividends,Data,EUR,2025-05-30,MOCK09(US9000000094) Cash Dividend EUR 0.784253 per Share (Ordinary Dividend),215.9
Dividends,Data,EUR,2025-07-18,MOCK02(US9000000029) Cash Dividend EUR 0.68 per Share (Ordinary Dividend),140
Dividends,Data,Total,,,960.1
Dividends,Data,PLN,2025-06-19,MOCK04(US9000000045) Cash Dividend PLN 2.0566 per Share (Ordinary Dividend),44
Dividends,Data,Total,,,44
Dividends,Data,Total in EUR,,,5.14837
Dividends,Data,USD,2025-06-20,MOCK03(US9000000037) Cash Dividend USD 0.51 per Share (Ordinary Dividend),192.62
Dividends,Data,USD,2025-06-20,MOCK03(US9000000037) Cash Dividend USD 0.71 per Share (Bonus Dividend),221.53
Dividends,Data,Total,,,212
Dividends,Data,Total in EUR,,,373.93089
Dividends,Data,Total Dividends in EUR,,,2145.59993
Withholding Tax,Header,Currency,Date,Description,Amount,Code
Withholding Tax,Data,CHF,2025-02-05,MOCK10(US9000000102) Cash Dividend CHF 0.48 per Share - CH Tax,-91.24,
Withholding Tax,Data,CHF,2025-02-05,MOCK10(US9000000102) Cash Dividend CHF 0.48 per Share - CH Tax,91.24,
Withholding Tax,Data,CHF,2025-02-05,MOCK10(US9000000102) Cash Dividend CHF 0.48 per Share - CH Tax,-91.24,
Withholding Tax,Data,Total,,,-91.24,
Withholding Tax,Data,Total in EUR,,,-53.902143,
Withholding Tax,Data,EUR,2025-04-17,MOCK02(US9000000029) Cash Dividend EUR 1.17 per Share - NL Tax,-82.3,
Withholding Tax,Data,EUR,2025-05-30,MOCK09(US9000000094) Cash Dividend EUR 0.784253 per Share - FR Tax,-75.9,
Withholding Tax,Data,EUR,2025-06-13,Withholding @ 20% on Credit Interest for Jun-2025,-0.02,
Withholding Tax,Data,EUR,2025-07-18,MOCK02(US9000000029) Cash Dividend EUR 0.68 per Share - NL Tax,-18.4,
Withholding Tax,Data,EUR,2025-09-13,Withholding @ 20% on Credit Interest for Sep-2025,-0.13,
Withholding Tax,Data,EUR,2025-10-16,Withholding @ 20% on Credit Interest for Oct-2025,-0.65,
Withholding Tax,Data,Total,,,-301.13,
Withholding Tax,Data,PLN,2025-06-19,MOCK04(US9000000045) Cash Dividend PLN 2.0566 per Share - PL Tax,-7.61,
Withholding Tax,Data,Total,,,-7.61,
Withholding Tax,Data,Total in EUR,,,-1.1629977,
Withholding Tax,Data,USD,2025-09-13,Withholding @ 20% on Credit Interest for Sep-2025,-0.32,
Withholding Tax,Data,Total,,,-0.32,
Withholding Tax,Data,Total in EUR,,,-0.9241347,
Withholding Tax,Data,Total Withholding Tax in EUR,,,-90.579729,
Interest,Header,Currency,Date,Description,Amount
Interest,Data,EUR,2024-12-17,EUR IBKR Managed Securities (SYEP) Interest for Dec-2024,1.02
Interest,Data,EUR,2025-05-15,EUR IBKR Managed Securities (SYEP) Interest for May-2025,0.12
Interest,Data,EUR,2025-06-13,EUR Credit Interest for Jun-2025,0.03
Interest,Data,EUR,2025-06-13,EUR IBKR Managed Securities (SYEP) Interest for Jun-2025,0.66
Interest,Data,EUR,2025-09-13,EUR Credit Interest for Sep-2025,0.58
Interest,Data,EUR,2025-10-16,EUR Credit Interest for Oct-2025,1.96
Interest,Data,Total,,,7.04
Interest,Data,USD,2025-04-15,USD Debit Interest for Apr-2025,-0.55
Interest,Data,USD,2025-05-15,USD IBKR Managed Securities (SYEP) Interest for May-2025,0.26
Interest,Data,USD,2025-06-13,USD IBKR Managed Securities (SYEP) Interest for Jun-2025,0.36
Interest,Data,USD,2025-08-15,USD IBKR Managed Securities (SYEP) Interest for Aug-2025,0.03
Interest,Data,USD,2025-09-13,USD Credit Interest for Sep-2025,1.09
Interest,Data,Total,,,4.24
Interest,Data,Total in EUR,,,1.706894
Interest,Data,Total Interest in EUR,,,2.166336
Interest Accruals,Header,Currency,Field Name,Field Value
Interest Accruals,Data,Base Currency Summary,Starting Accrual Balance,0
Interest Accruals,Data,Base Currency Summary,Interest Accrued,12.8277490
Interest Accruals,Data,Base Currency Summary,Accrual Reversal,-2.166336
Interest Accruals,Data,Base Currency Summary,FX Translation,-0.0006329
Interest Accruals,Data,Base Currency Summary,Ending Accrual Balance,0
Interest Accruals,Data,EUR,Starting Accrual Balance,0
Interest Accruals,Data,EUR,Interest Accrued,7.04
Interest Accruals,Data,EUR,Accrual Reversal,-7.04
Interest Accruals,Data,EUR,Ending Accrual Balance,0
Interest Accruals,Data,USD,Starting Accrual Balance,0
Interest Accruals,Data,USD,Interest Accrued,4.24
Interest Accruals,Data,USD,Accrual Reversal,-4.24
Interest Accruals,Data,USD,Ending Accrual Balance,0
Interest Accruals,Data,USD,Ending Accrual Balance in EUR,0
Change in Dividend Accruals,Header,Asset Category,Currency,Symbol,Date,Ex Date,Pay Date,Quantity,Tax,Fee,Gross Rate,Gross Amount,Net Amount,Code
Change in Dividend Accruals,Data,Starting Dividend Accruals in EUR,,,,,,,,,,,0,
Change in Dividend Accruals,Data,Stocks,CHF,MOCK10,2025-01-31,2025-02-01,2025-02-05,304,73.25,0,0.48,166.4,78.24,Po
Change in Dividend Accruals,Data,Stocks,CHF,MOCK10,2025-01-31,2025-02-01,2025-02-05,304,91.24,0,0.48,166.4,152.95,Po
Change in Dividend Accruals,Data,Stocks,CHF,MOCK10,2025-01-31,2025-02-01,2025-02-05,304,-73.25,0,0.48,-166.4,-78.24,Re
Change in Dividend Accruals,Data,Stocks,CHF,MOCK10,2025-02-05,2025-02-01,2025-02-05,304,-91.24,0,0.48,-166.4,-152.95,Re
Change in Dividend Accruals,Data,Total,,,,,,,0,0,,0,-0,
Change in Dividend Accruals,Data,Total in EUR,,,,,,,-0.080082,0,,-0.25302,-0.078607,
Change in Dividend Accruals,Data,Stocks,EUR,MOCK02,2025-04-08,2025-04-09,2025-04-17,144,82.3,0,1.17,65,157.6,Po
Change in Dividend Accruals,Data,Stocks,EUR,MOCK02,2025-04-17,2025-04-09,2025-04-17,144,-82.3,0,1.17,-65,-157.6,Re
Change in Dividend Accruals,Data,Stocks,EUR,MOCK02,2025-07-09,2025-07-10,2025-07-18,144,39.21,0,0.68,210.78,225.9,Po
Change in Dividend Accruals,Data,Stocks,EUR,MOCK02,2025-07-18,2025-07-10,2025-07-18,144,-18.4,0,0.68,-140,-225.9,Re
Change in Dividend Accruals,Data,Stocks,EUR,MOCK09,2025-05-27,2025-05-28,2025-05-30,80,75.9,0,0.784253,215.9,135.0,Po
Change in Dividend Accruals,Data,Stocks,EUR,MOCK09,2025-05-30,2025-05-28,2025-05-30,80,-75.9,0,0.784253,-215.9,-135.0,Re
Change in Dividend Accruals,Data,Total,,,,,,,0.02,0,,0.02,0,
Change in Dividend Accruals,Data,Stocks,PLN,MOCK04,2025-06-06,2025-06-07,2025-06-19,44,7.61,0,2.0566,44,32.52,Po
Change in Dividend Accruals,Data,Stocks,PLN,MOCK04,2025-06-19,2025-06-07,2025-06-19,44,-7.61,0,2.0566,-44,-32.52,Re
Change in Dividend Accruals,Data,Total,,,,,,,0,0,,0,0,
Change in Dividend Accruals,Data,Total in EUR,,,,,,,0.0043730,0,,0.06329,0.0077308,
Change in Dividend Accruals,Data,Stocks,USD,MOCK03,2025-03-08,2025-03-11,2025-03-19,37,0,1.07,0.01,0,-1.07,ADR;Po
Change in Dividend Accruals,Data,Stocks,USD,MOCK03,2025-04-23,2025-03-11,2025-04-23,37,0,-1.07,0.01,0,1.07,ADR;Re
Change in Dividend Accruals,Data,Stocks,USD,MOCK03,2025-05-22,2025-05-23,2025-06-20,37,7.14,1.07,0.51,192.62,212.99,Po
Change in Dividend Accruals,Data,Stocks,USD,MOCK03,2025-05-22,2025-05-23,2025-06-20,37,23.8,0,0.71,221.53,161.47,Po
Change in Dividend Accruals,Data,Stocks,USD,MOCK03,2025-06-20,2025-05-23,2025-06-20,37,-23.8,0,0.71,-221.53,-161.47,Re
Change in Dividend Accruals,Data,Stocks,USD,MOCK03,2025-06-20,2025-05-23,2025-06-20,37,-7.14,-1.07,0.51,-192.62,-212.99,Re
Change in Dividend Accruals,Data,Total,,,,,,,0,0,,0,0,
Change in Dividend Accruals,Data,Total in EUR,,,,,,,0.144381,0.1699658,,1.1605,1.5722314,
Change in Dividend Accruals,Data,Total Stocks in EUR,,,,,,,0.2950612,0.1699658,,1.78377,2.7002159,
Change in Dividend Accruals,Data,Ending Dividend Accruals in EUR,,,,,,,,,,,0,
Stock Yield Enhancement Program Securities Lent Activity,Header,Asset Category,Currency,Symbol,Date,Description, ,Transaction ID,Quantity,Collateral Amount
Stock Yield Enhancement Program Securities Lent Activity,Data,Stocks,EUR,MOCK09,2025-05-10,New Loan Allocation, ,921501603,-15,349.121762609
Stock Yield Enhancement Program Securities Lent Activity,Data,Stocks,EUR,MOCK09,2025-05-10,New Loan Allocation, ,900646183,-140,2205.257445847
Stock Yield Enhancement Program Securities Lent Activity,Data,Stocks,EUR,MOCK09,2025-05-13,Loan Return Allocation, ,921501603,15,-349.121762609
Stock Yield Enhancement Program Securities Lent Activity,Data,Stocks,EUR,MOCK09,2025-05-13,Loan Return Allocation, ,900646183,140,-2205.257445847
Stock Yield Enhancement Program Securities Lent Activity,Data,Stocks,EUR,MOCK09,2025-05-13,New Loan Allocation, ,983104240,-301,1507.025884365
Stock Yield Enhancement Program Securities Lent Activity,Data,Stocks,EUR,MOCK09,2025-05-14,Loan Return Allocation, ,983104240,301,-1507.025884365
Stock Yield Enhancement Program Securities Lent Activity,Data,Stocks,EUR,MOCK09,2025-05-14,New Loan Allocation, ,774615968,-301,9489.80
Stock Yield Enhancement Program Securities Lent Activity,Data,Stocks,EUR,MOCK09,2025-05-15,Loan Return Allocation, ,774615968,301,-9489.80
Stock Yield Enhancement Program Securities Lent Activity,Data,Stocks,EUR,MOCK09,2025-05-15,New Loan Allocation, ,840341753,-182,4912.181
Stock Yield Enhancement Program Securities Lent Activity,Data,Stocks,EUR,MOCK09,2025-05-16,Loan Return Allocation, ,840341753,182,-4912.181
Stock Yield Enhancement Program Securities Lent Activity,Data,Stocks,EUR,MOCK09,2025-05-16,New Loan Allocation, ,789998823,-2.0566,83.303304370
Stock Yield Enhancement Program Securities Lent Activity,Data,Stocks,EUR,MOCK09,2025-05-16,New Loan Allocation, ,728460457,-226,5993.472020099
Stock Yield Enhancement Program Securities Lent Activity,Data,Stocks,EUR,MOCK09,2025-05-17,Loan Return Allocation, ,789998823,2.0566,-83.303304370
Stock Yield Enhancement Program Securities Lent Activity,Data,Stocks,EUR,MOCK09,2025-05-17,Loan Return Allocation, ,728460457,226,-5993.472020099
Stock Yield Enhancement Program Securities Lent Activity,Data,Stocks,EUR,MOCK09,2025-05-17,New Loan Allocation, ,890055184,-218,3682.127251779
Stock Yield Enhancement Program Securities Lent Activity,Data,Stocks,EUR,MOCK09,2025-05-17,New Loan Allocation, ,874851968,-2.0566,37.145147379
Stock Yield Enhancement Program Securities Lent Activity,Data,Stocks,EUR,MOCK09,2025-05-20,Loan Return Allocation, ,890055184,218,-3682.127251779
Stock Yield Enhancement Program Securities Lent Activity,Data,Stocks,EUR,MOCK09,2025-05-20,Loan Return Allocation, ,874851968,2.0566,-37.145147379
Stock Yield Enhancement Program Securities Lent Activity,Data,Stocks,EUR,MOCK09,2025-05-20,New Loan Allocation, ,825409736,-267,3494.19
Stock Yield Enhancement Program Securities Lent Activity,Data,Stocks,EUR,MOCK09,2025-05-21,Loan Return Allocation, ,825409736,267,-3494.19
Stock Yield Enhancement Program Securities Lent Activity,Data,Stocks,EUR,MOCK09,2025-05-21,New Loan Allocation, ,839060279,-108,6748.42
Stock Yield Enhancement Program Securities Lent Activity,Data,Stocks,EUR,MOCK09,2025-05-22,Loan Return Allocation, ,839060279,108,-6748.42
Stock Yield Enhancement Program Securities Lent Activity,Data,Stocks,EUR,MOCK09,2025-05-22,New Loan Allocation, ,718146730,-182,9303.583614058
Stock Yield Enhancement Program Securities Lent Activity,Data,Stocks,EUR,MOCK09,2025-05-23,Loan Return Allocation, ,718146730,182,-9303.583614058
Stock Yield Enhancement Program Securities Lent Activity,Data,Total,,,,,,,,0
Stock Yield Enhancement Program Securities Lent Activity,Data,Stocks,USD,MOCK07,2025-04-23,New Loan Allocation, ,941469668,-251,3643
Stock Yield Enhancement Program Securities Lent Activity,Data,Stocks,USD,MOCK07,2025-04-24,Loan Return Allocation, ,941469668,251,-3643
Stock Yield Enhancement Program Securities Lent Activity,Data,Stocks,USD,MOCK07,2025-04-24,New Loan Allocation, ,969676019,-251,3643
Stock Yield Enhancement Program Securities Lent Activity,Data,Stocks,USD,MOCK07,2025-04-25,Loan Return Allocation, ,969676019,251,-3643
Stock Yield Enhancement Program Securities Lent Activity,Data,Stocks,USD,MOCK07,2025-04-25,New Loan Allocation, ,922883244,-251,6156
Stock Yield Enhancement Program Securities Lent Activity,Data,Stocks,USD,MOCK07,2025-04-26,Loan Return Allocation, ,922883244,251,-6156
Stock Yield Enhancement Program Securities Lent Activity,Data,Stocks,USD,MOCK07,2025-04-26,New Loan Allocation, ,800952342,-251,6156
Stock Yield Enhancement Program Securities Lent Activity,Data,Stocks,USD,MOCK07,2025-04-29,Loan Return Allocation, ,800952342,251,-6156
Stock Yield Enhancement Program Securities Lent Activity,Data,Stocks,USD,MOCK07,2025-04-29,New Loan Allocation, ,768928939,-251,6156
Stock Yield Enhancement Program Securities Lent Activity,Data,Stocks,USD,MOCK07,2025-04-30,Loan Return Allocation, ,768928939,251,-6156
Stock Yield Enhancement Program Securities Lent Activity,Data,Stocks,USD,MOCK07,2025-04-30,New Loan Allocation, ,827914785,-251,6156
Stock Yield Enhancement Program Securities Lent Activity,Data,Stocks,USD,MOCK07,2025-05-01,Loan Return Allocation, ,827914785,251,-6156
Stock Yield Enhancement Program Securities Lent Activity,Data,Stocks,USD,MOCK07,2025-05-03,New Loan Allocation, ,838946035,-251,2883
Stock Yield Enhancement Program Securities Lent Activity,Data,Stocks,USD,MOCK07,2025-05-06,Loan Return Allocation, ,838946035,251,-2883
Stock Yield Enhancement Program Securities Lent Activity,Data,Stocks,USD,MOCK07,2025-05-06,New Loan Allocation, ,838818616,-251,2883
Stock Yield Enhancement Program Securities Lent Activity,Data,Stocks,USD,MOCK07,2025-05-07,Loan Return Allocation, ,838818616,251,-2883
Stock Yield Enhancement Program Securities Lent Activity,Data,Stocks,USD,MOCK07,2025-05-07,New Loan Allocation, ,730835757,-251,2883
Stock Yield Enhancement Program Securities Lent Activity,Data,Stocks,USD,MOCK07,2025-05-08,Loan Return Allocation, ,730835757,251,-2883
Stock Yield Enhancement Program Securities Lent Activity,Data,Stocks,USD,MOCK07,2025-05-08,New Loan Allocation, ,816055870,-251,2482
Stock Yield Enhancement Program Securities Lent Activity,Data,Stocks,USD,MOCK07,2025-05-09,Loan Return Allocation, ,816055870,251,-2482
Stock Yield Enhancement Program Securities Lent Activity,Data,Stocks,USD,MOCK07,2025-05-09,New Loan Allocation, ,975114960,-251,2883
Stock Yield Enhancement Program Securities Lent Activity,Data,Stocks,USD,MOCK07,2025-05-10,Loan Return Allocation, ,975114960,251,-2883
Stock Yield Enhancement Program Securities Lent Activity,Data,Stocks,USD,MOCK07,2025-05-10,New Loan Allocation, ,713011982,-251,2883
Stock Yield Enhancement Program Securities Lent Activity,Data,Stocks,USD,MOCK07,2025-05-13,Loan Return Allocation, ,713011982,251,-2883
Stock Yield Enhancement Program Securities Lent Activity,Data,Stocks,USD,MOCK07,2025-05-13,New Loan Allocation, ,855455558,-251,2883
Stock Yield Enhancement Program Securities Lent Activity,Data,Stocks,USD,MOCK07,2025-05-14,Loan Return Allocation, ,855455558,251,-2883
Stock Yield Enhancement Program Securities Lent Activity,Data,Stocks,USD,MOCK07,2025-05-14,New Loan Allocation, ,834506391,-251,7493
Stock Yield Enhancement Program Securities Lent Activity,Data,Stocks,USD,MOCK07,2025-05-15,Loan Return Allocation, ,834506391,251,-7493
Stock Yield Enhancement Program Securities Lent Activity,Data,Stocks,USD,MOCK07,2025-05-15,New Loan Allocation, ,949706220,-251,2482
Stock Yield Enhancement Program Securities Lent Activity,Data,Stocks,USD,MOCK07,2025-05-16,Loan Return Allocation, ,949706220,251,-2482
Stock Yield Enhancement Program Securities Lent Activity,Data,Stocks,USD,MOCK07,2025-05-16,New Loan Allocation, ,894193112,-251,6156
Stock Yield Enhancement Program Securities Lent Activity,Data,Stocks,USD,MOCK07,2025-05-17,Loan Return Allocation, ,894193112,251,-6156
Stock Yield Enhancement Program Securities Lent Activity,Data,Stocks,USD,MOCK07,2025-05-17,New Loan Allocation, ,731476093,-251,2482
Stock Yield Enhancement Program Securities Lent Activity,Data,Stocks,USD,MOCK07,2025-05-20,Loan Return Allocation, ,731476093,251,-2482
Stock Yield Enhancement Program Securities Lent Activity,Data,Stocks,USD,MOCK07,2025-05-20,New Loan Allocation, ,936382613,-251,6156
Stock Yield Enhancement Program Securities Lent Activity,Data,Stocks,USD,MOCK07,2025-05-21,Loan Return Allocation, ,936382613,251,-6156
Stock Yield Enhancement Program Securities Lent Activity,Data,Stocks,USD,MOCK07,2025-05-21,New Loan Allocation, ,888698361,-251,6156
Stock Yield Enhancement Program Securities Lent Activity,Data,Stocks,USD,MOCK07,2025-05-22,Loan Return Allocation, ,888698361,251,-6156
Stock Yield Enhancement Program Securities Lent Activity,Data,Stocks,USD,MOCK07,2025-05-22,New Loan Allocation, ,853720653,-251,5893
Stock Yield Enhancement Program Securities Lent Activity,Data,Stocks,USD,MOCK07,2025-05-23,Loan Return Allocation, ,853720653,251,-5893
Stock Yield Enhancement Program Securities Lent Activity,Data,Stocks,USD,MOCK07,2025-05-23,New Loan Allocation, ,730760300,-251,3643
Stock Yield Enhancement Program Securities Lent Activity,Data,Stocks,USD,MOCK07,2025-05-24,Loan Return Allocation, ,730760300,251,-3643
Stock Yield Enhancement Program Securities Lent Activity,Data,Stocks,USD,MOCK07,2025-05-24,New Loan Allocation, ,704852747,-251,6156
Stock Yield Enhancement Program Securities Lent Activity,Data,Stocks,USD,MOCK07,2025-05-27,Loan Return Allocation, ,704852747,251,-6156
Stock Yield Enhancement Program Securities Lent Activity,Data,Stocks,USD,MOCK07,2025-05-27,New Loan Allocation, ,859607143,-251,2482
Stock Yield Enhancement Program Securities Lent Activity,Data,Stocks,USD,MOCK07,2025-05-28,Loan Return Allocation, ,859607143,251,-2482
Stock Yield Enhancement Program Securities Lent Activity,Data,Stocks,USD,MOCK07,2025-05-28,New Loan Allocation, ,710813703,-251,6156
Stock Yield Enhancement Program Securities Lent Activity,Data,Stocks,USD,MOCK07,2025-05-29,Loan Return Allocation, ,710813703,251,-6156
Stock Yield Enhancement Program Securities Lent Activity,Data,Stocks,USD,MOCK07,2025-05-29,New Loan Allocation, ,890098559,-251,2482
Stock Yield Enhancement Program Securities Lent Activity,Data,Stocks,USD,MOCK07,2025-05-30,Loan Return Allocation, ,890098559,251,-2482
Stock Yield Enhancement Program Securities Lent Activity,Data,Stocks,USD,MOCK07,2025-05-30,New Loan Allocation, ,912727673,-251,6156
Stock Yield Enhancement Program Securities Lent Activity,Data,Stocks,USD,MOCK07,2025-05-31,Loan Return Allocation, ,912727673,251,-6156
Stock Yield Enhancement Program Securities Lent Activity,Data,Stocks,USD,MOCK07,2025-05-31,New Loan Allocation, ,892000164,-251,6156
Stock Yield Enhancement Program Securities Lent Activity,Data,Stocks,USD,MOCK07,2025-06-03,Loan Return Allocation, ,892000164,251,-6156
Stock Yield Enhancement Program Securities Lent Activity,Data,Stocks,USD,MOCK07,2025-06-03,New Loan Allocation, ,829047203,-251,6156
Stock Yield Enhancement Program Securities Lent Activity,Data,Stocks,USD,MOCK07,2025-06-04,Loan Return Allocation, ,829047203,251,-6156
Stock Yield Enhancement Program Securities Lent Activity,Data,Stocks,USD,MOCK07,2025-06-04,New Loan Allocation, ,847713634,-251,3643
Stock Yield Enhancement Program Securities Lent Activity,Data,Stocks,USD,MOCK07,2025-06-05,Loan Return Allocation, ,847713634,251,-3643
Stock Yield Enhancement Program Securities Lent Activity,Data,Stocks,USD,MOCK07,2025-06-05,New Loan Allocation, ,752197322,-251,3643
Stock Yield Enhancement Program Securities Lent Activity,Data,Stocks,USD,MOCK07,2025-06-06,Loan Return Allocation, ,752197322,251,-3643
Stock Yield Enhancement Program Securities Lent Activity,Data,Stocks,USD,MOCK07,2025-07-31,New Loan Allocation, ,888855449,-251,5925
Stock Yield Enhancement Program Securities Lent Activity,Data,Stocks,USD,MOCK07,2025-08-01,Loan Return Allocation, ,888855449,251,-5925
Stock Yield Enhancement Program Securities Lent Activity,Data,Stocks,USD,MOCK07,2025-08-01,New Loan Allocation, ,884001024,-105,2933
Stock Yield Enhancement Program Securities Lent Activity,Data,Stocks,USD,MOCK07,2025-08-02,Loan Return Allocation, ,884001024,105,-2933
Stock Yield Enhancement Program Securities Lent Activity,Data,Stocks,USD,MOCK07,2025-08-06,New Loan Allocation, ,847002856,-146,4655
Stock Yield Enhancement Program Securities Lent Activity,Data,Stocks,USD,MOCK07,2025-08-07,Loan Return Allocation, ,847002856,146,-4655
Stock Yield Enhancement Program Securities Lent Activity,Data,Total,,,,,,,,0
Stock Yield Enhancement Program Securities Lent Activity,Data,Total in EUR,,,,,,,,58.68329
Stock Yield Enhancement Program Securities Lent Interest Details,Header,Currency,Value Date,Symbol,Start Date,Quantity,Collateral Amount,Market-based Rate (%),Interest Rate on Customer Collateral (%),Interest Paid to Customer,Code
Stock Yield Enhancement Program Securities Lent Interest Details,Data,EUR,2024-11-15,MOCK08,2024-11-15,-218,813.266316,3.74,0.83,0.13,Po
Stock Yield Enhancement Program Securities Lent Interest Details,Data,EUR,2024-11-15,MOCK08,2024-11-15,-2.0566,39.9155,3.74,0.83,0.02,Po
Stock Yield Enhancement Program Securities Lent Interest Details,Data,EUR,2024-11-16,MOCK08,2024-11-16,-170,2050.873339,0.58,0.66,0.13,Po
Stock Yield Enhancement Program Securities Lent Interest Details,Data,EUR,2024-11-17,MOCK08,2024-11-16,-170,2050.873339,0.58,0.66,0.13,Po
Stock Yield Enhancement Program Securities Lent Interest Details,Data,EUR,2024-11-18,MOCK08,2024-11-16,-170,2050.873339,0.58,0.66,0.13,Po
Stock Yield Enhancement Program Securities Lent Interest Details,Data,EUR,2024-11-26,MOCK08,2024-11-26,-44,895.814931,0.72,0.78,0.02,Po
Stock Yield Enhancement Program Securities Lent Interest Details,Data,EUR,2024-11-26,MOCK08,2024-11-26,-137,5628.845782,0.72,0.78,0.07,Po
Stock Yield Enhancement Program Securities Lent Interest Details,Data,EUR,2024-11-27,MOCK08,2024-11-27,-145,5441.598814,0.72,0.78,0.12,Po
Stock Yield Enhancement Program Securities Lent Interest Details,Data,EUR,2024-12-07,MOCK08,2024-12-07,-66,2363.867403,2.66,0.48,0.03,Po
Stock Yield Enhancement Program Securities Lent Interest Details,Data,EUR,2024-12-08,MOCK08,2024-12-07,-66,2363.867403,2.66,0.48,0.03,Po
Stock Yield Enhancement Program Securities Lent Interest Details,Data,EUR,2024-12-09,MOCK08,2024-12-07,-66,2363.867403,2.66,0.48,0.03,Po
Stock Yield Enhancement Program Securities Lent Interest Details,Data,EUR,2024-12-10,MOCK08,2024-12-10,-153,4263.683770,2.66,0.48,0.03,Po
Stock Yield Enhancement Program Securities Lent Interest Details,Data,EUR,2025-05-10,MOCK09,2025-05-10,-140,1435.173813,0.2,0.23,0.01,Po
Stock Yield Enhancement Program Securities Lent Interest Details,Data,EUR,2025-05-10,MOCK09,2025-05-10,-15,882.355468,0.2,0.23,0.02,Po
Stock Yield Enhancement Program Securities Lent Interest Details,Data,EUR,2025-05-11,MOCK09,2025-05-10,-140,1435.173813,0.2,0.23,0.01,Po
Stock Yield Enhancement Program Securities Lent Interest Details,Data,EUR,2025-05-11,MOCK09,2025-05-10,-15,882.355468,0.2,0.23,0.02,Po
Stock Yield Enhancement Program Securities Lent Interest Details,Data,EUR,2025-05-12,MOCK09,2025-05-10,-140,1435.173813,0.2,0.23,0.01,Po
Stock Yield Enhancement Program Securities Lent Interest Details,Data,EUR,2025-05-12,MOCK09,2025-05-10,-15,882.355468,0.2,0.23,0.02,Po
Stock Yield Enhancement Program Securities Lent Interest Details,Data,EUR,2025-05-13,MOCK09,2025-05-13,-301,9446.850800,0.2,0.23,0.01,Po
Stock Yield Enhancement Program Securities Lent Interest Details,Data,EUR,2025-05-14,MOCK09,2025-05-14,-301,9489.80,0.2,0.23,0.01,Po
Stock Yield Enhancement Program Securities Lent Interest Details,Data,EUR,2025-05-15,MOCK09,2025-05-15,-182,4912.181,0.2,0.23,0.01,Po
Stock Yield Enhancement Program Securities Lent Interest Details,Data,EUR,2025-05-16,MOCK09,2025-05-16,-226,6622.629989,0.2,0.23,0.01,Po
Stock Yield Enhancement Program Securities Lent Interest Details,Data,EUR,2025-05-16,MOCK09,2025-05-16,-2.0566,71.518140,0.2,0.23,0.02,Po
Stock Yield Enhancement Program Securities Lent Interest Details,Data,EUR,2025-05-17,MOCK09,2025-05-17,-218,2888.366069,0.2,0.23,0.01,Po
Stock Yield Enhancement Program Securities Lent Interest Details,Data,EUR,2025-05-17,MOCK09,2025-05-17,-2.0566,59.922599,0.2,0.23,0.02,Po
Stock Yield Enhancement Program Securities Lent Interest Details,Data,EUR,2025-05-18,MOCK09,2025-05-17,-218,2888.366069,0.2,0.23,0.01,Po
Stock Yield Enhancement Program Securities Lent Interest Details,Data,EUR,2025-05-18,MOCK09,2025-05-17,-2.0566,59.922599,0.2,0.23,0.02,Po
Stock Yield Enhancement Program Securities Lent Interest Details,Data,EUR,2025-05-19,MOCK09,2025-05-17,-218,2888.366069,0.2,0.23,0.01,Po
Stock Yield Enhancement Program Securities Lent Interest Details,Data,EUR,2025-05-19,MOCK09,2025-05-17,-2.0566,59.922599,0.2,0.23,0.02,Po
Stock Yield Enhancement Program Securities Lent Interest Details,Data,EUR,2025-05-20,MOCK09,2025-05-20,-267,3494.19,0.2,0.23,0.01,Po
Stock Yield Enhancement Program Securities Lent Interest Details,Data,EUR,2025-05-21,MOCK09,2025-05-21,-108,6748.42,0.2,0.23,0.01,Po
Stock Yield Enhancement Program Securities Lent Interest Details,Data,EUR,2025-05-22,MOCK09,2025-05-22,-182,1247.866197,0.2,0.23,0.01,Po
Stock Yield Enhancement Program Securities Lent Interest Details,Data,Total,,,,,,,,1.26,
Stock Yield Enhancement Program Securities Lent Interest Details,Data,USD,2025-04-23,MOCK07,2025-04-23,-251,3643,0.04,0.03,0.02,Po
Stock Yield Enhancement Program Securities Lent Interest Details,Data,USD,2025-04-24,MOCK07,2025-04-24,-251,3643,0.04,0.03,0.02,Po
Stock Yield Enhancement Program Securities Lent Interest Details,Data,USD,2025-04-25,MOCK07,2025-04-25,-251,6156,0.04,0.03,0.02,Po
Stock Yield Enhancement Program Securities Lent Interest Details,Data,USD,2025-04-26,MOCK07,2025-04-26,-251,6156,0.04,0.03,0.02,Po
Stock Yield Enhancement Program Securities Lent Interest Details,Data,USD,2025-04-27,MOCK07,2025-04-26,-251,6156,0.04,0.03,0.02,Po
Stock Yield Enhancement Program Securities Lent Interest Details,Data,USD,2025-04-28,MOCK07,2025-04-26,-251,6156,0.04,0.03,0.02,Po
Stock Yield Enhancement Program Securities Lent Interest Details,Data,USD,2025-04-29,MOCK07,2025-04-29,-251,6156,0.04,0.03,0.02,Po
Stock Yield Enhancement Program Securities Lent Interest Details,Data,USD,2025-04-30,MOCK07,2025-04-30,-251,6156,0.30,0.12,0.02,Po
Stock Yield Enhancement Program Securities Lent Interest Details,Data,USD,2025-05-03,MOCK07,2025-05-03,-251,2883,0.04,0.03,0.02,Po
Stock Yield Enhancement Program Securities Lent Interest Details,Data,USD,2025-05-04,MOCK07,2025-05-03,-251,2883,0.04,0.03,0.02,Po
Stock Yield Enhancement Program Securities Lent Interest Details,Data,USD,2025-05-05,MOCK07,2025-05-03,-251,2883,0.04,0.03,0.02,Po
Stock Yield Enhancement Program Securities Lent Interest Details,Data,USD,2025-05-06,MOCK07,2025-05-06,-251,2883,0.04,0.03,0.02,Po
Stock Yield Enhancement Program Securities Lent Interest Details,Data,USD,2025-05-07,MOCK07,2025-05-07,-251,2883,0.04,0.03,0.02,Po
Stock Yield Enhancement Program Securities Lent Interest Details,Data,USD,2025-05-08,MOCK07,2025-05-08,-251,2482,0.04,0.03,0.02,Po
Stock Yield Enhancement Program Securities Lent Interest Details,Data,USD,2025-05-09,MOCK07,2025-05-09,-251,2883,0.04,0.03,0.02,Po
Stock Yield Enhancement Program Securities Lent Interest Details,Data,USD,2025-05-10,MOCK07,2025-05-10,-251,2883,0.04,0.03,0.02,Po
Stock Yield Enhancement Program Securities Lent Interest Details,Data,USD,2025-05-11,MOCK07,2025-05-10,-251,2883,0.04,0.03,0.02,Po
Stock Yield Enhancement Program Securities Lent Interest Details,Data,USD,2025-05-12,MOCK07,2025-05-10,-251,2883,0.04,0.03,0.02,Po
Stock Yield Enhancement Program Securities Lent Interest Details,Data,USD,2025-05-13,MOCK07,2025-05-13,-251,2883,0.04,0.03,0.02,Po
Stock Yield Enhancement Program Securities Lent Interest Details,Data,USD,2025-05-14,MOCK07,2025-05-14,-251,7493,0.33,0.03,0.02,Po
Stock Yield Enhancement Program Securities Lent Interest Details,Data,USD,2025-05-15,MOCK07,2025-05-15,-251,2482,0.33,0.03,0.02,Po
Stock Yield Enhancement Program Securities Lent Interest Details,Data,USD,2025-05-16,MOCK07,2025-05-16,-251,6156,0.33,0.03,0.02,Po
Stock Yield Enhancement Program Securities Lent Interest Details,Data,USD,2025-05-17,MOCK07,2025-05-17,-251,2482,0.33,0.03,0.02,Po
Stock Yield Enhancement Program Securities Lent Interest Details,Data,USD,2025-05-18,MOCK07,2025-05-17,-251,2482,0.33,0.03,0.02,Po
Stock Yield Enhancement Program Securities Lent Interest Details,Data,USD,2025-05-19,MOCK07,2025-05-17,-251,2482,0.33,0.03,0.02,Po
Stock Yield Enhancement Program Securities Lent Interest Details,Data,USD,2025-05-20,MOCK07,2025-05-20,-251,6156,0.33,0.03,0.02,Po
Stock Yield Enhancement Program Securities Lent Interest Details,Data,USD,2025-05-21,MOCK07,2025-05-21,-251,6156,0.23,0.06,0.02,Po
Stock Yield Enhancement Program Securities Lent Interest Details,Data,USD,2025-05-22,MOCK07,2025-05-22,-251,5893,0.23,0.06,0.02,Po
Stock Yield Enhancement Program Securities Lent Interest Details,Data,USD,2025-05-23,MOCK07,2025-05-23,-251,3643,0.23,0.06,0.02,Po
Stock Yield Enhancement Program Securities Lent Interest Details,Data,USD,2025-05-24,MOCK07,2025-05-24,-251,6156,0.23,0.06,0.02,Po
Stock Yield Enhancement Program Securities Lent Interest Details,Data,USD,2025-05-25,MOCK07,2025-05-24,-251,6156,0.23,0.06,0.02,Po
Stock Yield Enhancement Program Securities Lent Interest Details,Data,USD,2025-05-26,MOCK07,2025-05-24,-251,6156,0.23,0.06,0.02,Po
Stock Yield Enhancement Program Securities Lent Interest Details,Data,USD,2025-05-27,MOCK07,2025-05-27,-251,2482,0.23,0.06,0.02,Po
Stock Yield Enhancement Program Securities Lent Interest Details,Data,USD,2025-05-28,MOCK07,2025-05-28,-251,6156,0.23,0.06,0.02,Po
Stock Yield Enhancement Program Securities Lent Interest Details,Data,USD,2025-05-29,MOCK07,2025-05-29,-251,2482,0.23,0.06,0.02,Po
Stock Yield Enhancement Program Securities Lent Interest Details,Data,USD,2025-05-30,MOCK07,2025-05-30,-251,6156,0.23,0.06,0.02,Po
Stock Yield Enhancement Program Securities Lent Interest Details,Data,USD,2025-05-31,MOCK07,2025-05-31,-251,6156,0.23,0.06,0.02,Po
Stock Yield Enhancement Program Securities Lent Interest Details,Data,USD,2025-06-01,MOCK07,2025-05-31,-251,6156,0.23,0.06,0.02,Po
Stock Yield Enhancement Program Securities Lent Interest Details,Data,USD,2025-06-02,MOCK07,2025-05-31,-251,6156,0.23,0.06,0.02,Po
Stock Yield Enhancement Program Securities Lent Interest Details,Data,USD,2025-06-03,MOCK07,2025-06-03,-251,6156,0.23,0.06,0.02,Po
Stock Yield Enhancement Program Securities Lent Interest Details,Data,USD,2025-06-04,MOCK07,2025-06-04,-251,3643,0.23,0.06,0.02,Po
Stock Yield Enhancement Program Securities Lent Interest Details,Data,USD,2025-06-05,MOCK07,2025-06-05,-251,3643,0.23,0.06,0.02,Po
Stock Yield Enhancement Program Securities Lent Interest Details,Data,USD,2025-07-31,MOCK07,2025-07-31,-251,5925,0.23,0.08,0.02,Po
Stock Yield Enhancement Program Securities Lent Interest Details,Data,USD,2025-08-01,MOCK07,2025-08-01,-105,2933,0.23,0.08,0.02,Po
Stock Yield Enhancement Program Securities Lent Interest Details,Data,USD,2025-08-06,MOCK07,2025-08-06,-146,4655,0.55,0.08,0.02,Po
Stock Yield Enhancement Program Securities Lent Interest Details,Data,Total,,,,,,,,0.68,
Stock Yield Enhancement Program Securities Lent Interest Details,Data,Total in EUR,,,,,,,,0.2203932,
Financial Instrument Information,Header,Asset Category,Symbol,Description,Conid,Security ID,Underlying,Listing Exch,Multiplier,Type,Code
Financial Instrument Information,Data,Stocks,MOCK01,Synthetic Issuer 01,846955262,US9000000011,MOCK01,SEHK,1,COMMON,
Financial Instrument Information,Data,Stocks,MOCK02,Synthetic Issuer 02,871476945,US9000000029,MOCK02,AEB,1,COMMON,
Financial Instrument Information,Data,Stocks,MOCK03,Synthetic Issuer 03,987290839,US9000000037,MOCK03,NYSE,1,ADR,
Financial Instrument Information,Data,Stocks,MOCK04,Synthetic Issuer 04,975340776,US9000000045,MOCK04,WSE,1,COMMON,
Financial Instrument Information,Data,Stocks,MOCK05,Synthetic Issuer 05,957424853,US9000000052,MOCK05,AEB,1,COMMON,
Financial Instrument Information,Data,Stocks,MOCK06,Synthetic Issuer 06,800566865,US9000000060,MOCK06,NASDAQ,1,COMMON,
Financial Instrument Information,Data,Stocks,MOCK07,Synthetic Issuer 07,759683261,US9000000078,MOCK07,NASDAQ,1,COMMON,
Financial Instrument Information,Data,Stocks,MOCK08,Synthetic Issuer 08,804866249,US9000000086,PRAB,IBIS,1,ETF,
Financial Instrument Information,Data,Stocks,MOCK09,Synthetic Issuer 09,799711315,US9000000094,MOCK09,SBF,1,COMMON,
Financial Instrument Information,Data,Stocks,MOCK10,Synthetic Issuer 10,756080403,US9000000102,MOCK10,EBS,1,COMMON,
Codes,Header,Code,Meaning,Code (Cont.),Meaning (Cont.)
Codes,Data,A,Assignment
Codes,Data,ADR,ADR Fee Accrual
Codes,Data,AEx,Automatic exercise for dividend-related recommendation.
Codes,Data,AFx,AutoFX conversion resulting from trading
Codes,Data,Adj,Adjustment
Codes,Data,Al,Allocation
Codes,Data,Aw,Away Trade
Codes,Data,B,Automatic Buy-in
Codes,Data,Bo,Direct Borrow
Codes,Data,C,Closing Trade
Codes,Data,CD,Cash Delivery
Codes,Data,CP,Complex Position
Codes,Data,Ca,Cancelled
Codes,Data,Co,Corrected Trade
Codes,Data,Cx,Part or all of this transaction was a Crossing executed as dual agent by IB for two IB customers
Codes,Data,DT,Discounted Trade
Codes,Data,De,Delivery or Conversion Action
Codes,Data,ETF,ETF Creation/Redemption
Codes,Data,Ep,Resulted from an Expired Position
Codes,Data,Ex,Exercise
Codes,Data,FP,The fractional portion of this trade was executed against IB or an affiliate.
Codes,Data,FPA,The fractional portion of this trade was executed against IB or an affiliate. IB acted as agent for the whole share portion of this trade.
Codes,Data,G,Trade in Guaranteed Account Segment
Codes,Data,GEA,Exercise or Assignment resulting from offsetting positions
Codes,Data,HC,Highest Cost tax basis election
Codes,Data,HFI,Investment Transferred to Hedge Fund
Codes,Data,HFR,Redemption from Hedge Fund
Codes,Data,I,Internal Transfer
Codes,Data,IA,The transaction was executed against IB or an affiliate
Codes,Data,IM,A portion of the order was executed against IB or an affiliate; IB acted as agent on a portion.
Codes,Data,INV,Investment Transfer from Investor
Codes,Data,IPO,This transaction was executed as part of an IPO in which IB was a member of the selling group and is classified as a Principal trade.
Codes,Data,L,Ordered by IB (Margin Violation)
Codes,Data,LD,Adjusted by Loss Disallowed from Wash Sale
Codes,Data,LF,Liquidation of fractional position by IB
Codes,Data,LI,"Last In, First Out (LIFO) tax basis election"
Codes,Data,LT,Long Term P/L
Codes,Data,Lo,Direct Loan
Codes,Data,M,Entered manually by IB
Codes,Data,MEx,Manual exercise for dividend-related recommendation.
Codes,Data,ML,Maximize Losses tax basis election
Codes,Data,MLG,Maximize Long Term Gain tax basis election
Codes,Data,MLL,Maximize Long Term Loss tax basis election
Codes,Data,MSG,Maximize Short Term Gain tax basis election
Codes,Data,MSL,Maximize Short Term Loss tax basis election
Codes,Data,O,Opening Trade
Codes,Data,Off,Yes and No contracts offset to $1.00 cash settlement
Codes,Data,P,Partial Execution
Codes,Data,PE,Perpetual Investment
Codes,Data,PI,Price Improvement
Codes,Data,PTA,Post Trade Allocation
Codes,Data,Po,Interest or Dividend Accrual Posting
Codes,Data,Pr,Part or all of this transaction was executed by the Exchange as a Crossing by IB against an IB affiliate and is therefore classified as a Principal and not an agency trade
Codes,Data,R,Dividend Reinvestment
Codes,Data,RED,Redemption to Investor
Codes,Data,RI,Recurring Investment
Codes,Data,RP,"IB acted as agent for the fractional share portion of this trade, which was executed by an IB affiliate as riskless principal."
Codes,Data,RPA,IB acted as agent for both the fractional share portion and the whole share portion of this trade; the fractional share portion was executed by an IB Affiliate as riskless principal.
Codes,Data,Rb,Rebill
Codes,Data,Re,Interest or Dividend Accrual Reversal
Codes,Data,Ri,Reimbursement
Codes,Data,S0,Contract settled to zero value
Codes,Data,S1,Contract settled to $1.00
Codes,Data,SF,Trade is subject to IBKR Lite Surcharge Fee if volume of such trades exceeds 10% of the total monthly Lite trade volume
Codes,Data,SI,This order was solicited by Interactive Brokers
Codes,Data,SL,Specific Lot tax basis election
Codes,Data,SO,This order was marked as solicited by your Introducing Broker
Codes,Data,SS,Customer designated this trade for shortened settlement and so is subject to execution at prices above the prevailing market
Codes,Data,ST,Short Term P/L
Codes,Data,T,Transfer
Codes,Data,Un,Unvested shares from stock grant
Codes,Data,XCH,Mutual Fund Exchange Transaction
Notes/Legal Notes,Header,Type,Note
Notes/Legal Notes,Data,Notes,"Stock exchange transactions generally settle on the trade date plus one business day (T+1). Options, futures and US open-end mutual fund transactions also settle on trade date plus one business day. Some exchanges and other transaction types may have longer or shorter settlement periods. Ending settled cash reflects the cash that has actually settled."
Notes/Legal Notes,Data,Notes,Initial and maintenance margin requirements are available within the Account Window of the Trader Workstation.
Notes/Legal Notes,Data,Notes,"Quantities preceded by a ""-"" sign indicate sell transactions. Other transactions are purchases. "
Notes/Legal Notes,Data,Notes,"For shares traded on US markets, Interactive Brokers Ireland Limited (IBIE) acts as agent in executing the fractional portion of your order. In certain circumstances, IBIE routes that portion to an affiliate, which may execute it either as principal or riskless principal. If an IB affiliate executes as i) principal, the order will be executed at the price displayed for the opposite side of the NBBO from your order (the offer if you are buying and the bid if you are selling) at the time of execution, ii) riskless principal, the affiliate will execute that portion of your order at the price it receives for the execution of the whole share. The way in which the fractional portion of the order is executed is indicated by the codes associated with the trade. For shares traded on European Markets, IBIE will generally act as counterparty for any fractional portion of your order for shares, which it will execute as principal, for a total consideration which is equal to (or better than), the total consideration for the execution of a full share available at the European trading venues and SIs to which IBIE has access. In certain circumstances, IBIE may route a full share order to the available European trading venues acting in an Agency capacity and the fractional portion of the order will be allocated to your account at the price traded in the trading venue and the remaining fractional portion will be allocated to an affiliate. "
Notes/Legal Notes,Data,Notes,"In case of partial executions, commissions are charged on the total quantity executed on the original order. The commission is displayed on the first partial execution only."
Notes/Legal Notes,Data,Notes,Trade execution times are displayed in Eastern Time.
Notes/Legal Notes,Data,Notes,Applicable fees for your transactions are available on the IB website at www.interactivebrokers.com/en/accounts/fees/exchangeAndRegulatoryFees.php.
Notes/Legal Notes,Data,Notes,"Borrow Fee Rate represents the cost to borrow stock expressed in percent per annum. It is applied to the collateral value on the stock borrow contract and is separate from any interest earned on credit cash balances. Similarly, Loan Fee Rate represents the benefit to lend stock. A positive rate indicates a cost to the borrower/benefit to the lender and a negative rate indicates a benefit to the borrower/cost to the lender. In general, the fee rates for hard-to-borrow stocks are higher than for normal availability stocks."
Notes/Legal Notes,Data,Notes,Interest Rate on Customer Collateral represents the interest paid on the collateral posted to the customer's account and received from lending stock.  A positive rate indicates a benefit to the lender.
Notes/Legal Notes,Data,Notes,"The closing prices on this Activity Statement are indicative and may come from third-party sources. Interactive Brokers does not warrant the accuracy of the prices provided by third-party sources. Due to time zone differences, certain non-US mutual funds may deliver closing prices after the Activity Statement has been produced and the closing prices for such funds will reflect the previous day's price."
Notes/Legal Notes,Data,Notes,All Market Data and Research services are provided through Global Financial Information Services (GmbH).
Notes/Legal Notes,Data,Notes,"Market data is provided by Global Financial Information Services (GmbH). Your local broker collects amounts owed for fees and tax for such data on behalf of Global Financial Information Services (GmbH). Note, you are responsible for any applicable taxes relating to the provision of these services."
Notes/Legal Notes,Data,Notes,Directive 2014/65/EU and its implementing measures (MiFID II) applies to all client funds and client financial instruments (Client Assets) on this statement except those Client Assets that are not classified as segregated assets and funds derived from trading Crypto-Assets. IBIE is also subject to the client asset requirements set out in the Central Bank (Supervision and Enforcement) Act 2013 (Section 48(1))(Investment Firms) Regulations 2023 (=S.I. No. 10 of 2023).Client assets that are not classified as segregated securities comprise securities lent under the Stock Yield Enhancement Programme as identified in the IBKR Managed Securities Lent section of this statement and Client Assets noted as Not Segregated in the Collateral for Customer Borrowing section of this statement. Funds derived from trading Crypto-Assets include funds from sell transactions. IBIE applies the MiFID II Client Asset protection requirements to funds and instruments that are not subject to MiFID II in the same way as it applies those requirements to Client Assets.
Notes/Legal Notes,Data,Notes,RUS denotes Ruble balances that have been restricted by Russian authorities.
Notes/Legal Notes,Data,Mutual Fund Notes,"All purchase and sales of mutual funds are calculated against the published NAV (Net Asset Value) of the underlying fund and is displayed on this confirmation as the ""C. Price"" (Closing Price). Due to any fees charged by a fund and/or any share rounding, the net price you pay may vary from the published NAV and is shown on this confirmation as the ""T. Price"" (Trade Price)."
Notes/Legal Notes,Data,Fixed Income Notes,"Call features for bonds or preferred stocks may affect the yield. For zero coupon, compound interest and multiplier securities, there are no periodic payments and securities may be callable below maturity value without notice to holder unless registered. For asset-backed securities, the actual yield may vary depending on the speed at which the underlying note is pre-paid. For additional information regarding bond yield, please contact the IB Help Desk at: ibkr.com/help. If this debt security is unrated by a nationally recognized statistical rating organization, it may pose a high risk of default. You should consult an independent advisor to determine whether unrated bonds are appropriate for your portfolio in light of your goals and your financial circumstances. Fees charged by bond trading centers are included in the cost of bond transactions."
Notes/Legal Notes,Data,Legal Notes,"Please promptly report any inaccuracy or discrepancy in this statement, or in your account, to IBIE. You can contact us by telephone or electronically through the IBIE website at, www.interactivebrokers.ie. If you report an error by telephone, you should re-confirm such oral communication in writing in order to protect your rights, including your rights under the Investor Compensation Scheme."
Notes/Legal Notes,Data,Legal Notes,"Unless otherwise noted, IBIE role is acted as agent in the execution of the above transactions. IBIE may execute your trades through affiliates or third-party brokers who are members of the relevant exchange or market center. Please see the IBIE CAKID Bank Account List at www.ibkr.ie/cakid for custody details."
Notes/Legal Notes,Data,Legal Notes,"IBIE acts as agent or riskless principal in foreign currency exchange transactions and CFDs. Such transactions are executed against an IBIE affiliate, which acts as principal in such transactions and may have a long or short position and may have profited or lost in connection with the transaction."
Notes/Legal Notes,Data,Legal Notes,"IBIE routes orders in US Financial instruments through its US affiliate, IBLLC. IBLLC accepts liquidity rebates or other order flow payments from Alternative Trading Systems, market makers and exchanges for certain orders in US stocks. IBLLC receives payment for some US option orders pursuant to exchange-mandated marketing fee programs or other arrangements."
Notes/Legal Notes,Data,Legal Notes,Please promptly notify IBIE of any material change in your investment objectives or financial situation or circumstances.
Notes/Legal Notes,Data,Legal Notes,"An up-to-date financial statement of IBIE is available for your personal inspection at www.interactivebrokers.ie or at its offices, or a copy of the financial statement will be mailed to you upon your written request."
Notes/Legal Notes,Data,Legal Notes,"IBIE is a member of the Investor Compensation Scheme, which provides protection for customers in the event of the failure of IBIE. Further information on the Investor Compensation Scheme can be found at  www.investorcompensation.ie."
Notes/Legal Notes,Data,Legal Notes,IBIE is incorporated under the laws of Ireland and registered with the Irish Companies Registration Office with company registration number 657406.
Notes/Legal Notes,Data,Legal Notes,IBIE is regulated by the Central Bank of Ireland.
Notes/Legal Notes,Data,Legal Notes,"IBIE's Registered Office address is North Dock One, 91/92 North Wall Quay, Dublin 1, D01 H7V7."
Notes/Legal Notes,Data,Legal Notes,"IBIE is included in the Central Bank of Ireland's register of authorised firms under number C423427. The CBI's address is New Wapping Street, North Wall Quay, Dublin 1, D01 F7X3. The CBI's website is www.centralbank.ie."
